text,username,timestamp
"UPDATED: Average monthly bills for a bachelor in the UK (Birmingham July 2024)

Rent Â£700 (1 bed apartment)
Council Tax Â£110
Energy (gas/electric) Â£150
Water Â£40
TV license Â£15
Transportation Â£150
Wifi/mobile date Â£80
Groceries Â£300
Clothing Â£300
Entertainment Â£200

Total Â£2045",SK ğŸ‡¬ğŸ‡§ğŸ‡¬ğŸ‡§,Sat Jul 06 09:31:56 +0000 2024
"@chu_chu_ezekwem I know someone in London. His rent alone is 1,800. Assuming he earns 3,500 after tax . He will be left with 1,700. From 1,700, you will deduct council tax, water bill, Energy bill, car insurance, groceries shopping, fuel. The person wonâ€™t even have 500 to save.",ONYEDIKACHUKWU ANAMBRA,Sat Feb 10 20:18:52 +0000 2024
"Uk ğŸ‡¬ğŸ‡§ is not for the weak ğŸ˜‚ğŸ˜ 
(35,000 per annum)
Average Salary after tax - Â£2,265 per month 
Rent- Â£1350
Energy &amp; water bill - Â£170
Council Tax - Â£225
WiFi &amp; Phone bill - Â£120
Groceries- Â£200
Car insurance -Â£150
Car tax- Â£35
â›½ï¸ Fuel- Â£150
Subscriptions-Â£80
Continue ğŸ‘‡",ğŸ‘‘â„‚ğ”¸ğ”¹ğ•† EMPIRE,Sat Feb 10 09:45:56 +0000 2024
"Rent 
Council Tax 
Energy 
Water 
TV license 
Transportation 
Wifi/mobile 
Groceries 
Clothing 
Car insurance 
Car Finance 
Black tax 

If she canâ€™t do 50/50, sheâ€™s not ready to support her man. 

Nigerian men also need a support system. 

Bills dey choke.",ğŸ™OLUOMO OF DERBY ğŸ‡³ğŸ‡¬ ğŸ‡¬ğŸ‡§,Mon Jan 22 16:31:54 +0000 2024
"Rent: 0
Groceries:315
Cleaner (3h weekly):182
Council tax: 160
Energy:114
Broadband:40
Water: 32
Home insurance: 29
Trading/Pension  account:22
2 O2 mobile lines, 10gb: 16
TV licence: 13
Netflix:11
Amazon Prime: 8
Garden bin (council):5
NY times : 2
Apple 60gb:1
Total: 952/2=476",Ornicar,Fri Jan 19 13:35:01 +0000 2024
"@hewantswealth Â£1050pm - RENT ğŸ¡ 
Â£200pm - CAR ğŸš— 
Â£480pm - Groceries ğŸ›’ğŸ¥¬ 
Â£0pm - Entertainment ğŸ’ƒğŸ¾ 
Â£0pm - Dating ğŸ‘«ğŸ¾
Â£150pm - Energy billâš¡ï¸
Â£35pm - Mobile Phone
Â£0pm - Gym ğŸ‹ğŸ¾â€â™‚ï¸ 
Â£0pm - S&amp;S ISA ğŸ“ˆ
Â£0pm - Life Insurance
Â£150pm -  Council Tax
Â£35 pm - Water Bill

Live in the real World chump",Carl Jackson,Tue Dec 05 20:15:34 +0000 2023
"Council tax, energy bill, health insurance, phone and Internet bills,water,road tax, Car insurance, Rent, groceries &amp; still Unbearable Cold.Honestly UK would drain you. Now I know that Nigeria is blessed.",Ehi Aisagbonhi,Sun Dec 03 13:24:17 +0000 2023
"@HeatherChloeDog @DrFrancesRyan Surprising. Most people who are disabled or chronically ill are able to just afford rent, council tax, water, energy, phone bills. Small amount for groceries which are getting so expensive. Iâ€™m lucky family takes me to hospital appts transport so expensive.",Becklescake ğŸ˜´,Sun Nov 26 07:09:23 +0000 2023
@JTAdeyemi Council tax. Energy. Gas. Water. Transport. Insurance. Broadband. Phone bills. Student finance &amp; debt repayments (if you have) Unfortunately life isnâ€™t just rent and groceries.,â€˜24.,Sat Oct 21 18:59:38 +0000 2023
"No Rishi Sunak, Iâ€™ll tell you what most of us are up against; Essential bills like #mortgage #rent #energy #water #counciltax #groceries #fuel â€¦ that we canâ€™t pay.

Have you EVER, EVER received a bill that you didnâ€™t have the means to pay? Have you? 

No! Thought not!   #r4today",Baffled Ape,Thu Aug 31 07:11:28 +0000 2023
"Ghanaians in UK, what are the average monthly bills in your city?

Rent: Â£
Council Tax: Â£
Energy: Â£
Water: Â£
TV license: Â£
Transport: Â£
Wifi/data: Â£
Groceries: Â£
Clothing: Â£
Entertainment: Â£

https://t.co/uzD0BvLNXv",CediRates,Sun Aug 06 09:48:14 +0000 2023
"NO! Rishi Sunak, Iâ€™ll tell you what most of us are up against;
Essential bills like #mortgage #rent #energy #water #counciltax #groceries #fuel â€¦ that we canâ€™t pay. 

Have you EVER, EVER received a bill that you didnâ€™t have the means to pay? Have you? No! Thought not! 

#r4today",Baffled Ape,Sat Jul 29 07:51:31 +0000 2023
"NO Rishi Sunak, Iâ€™ll tell you what most of us are up against;  Essential bills like #mortgage #rent #energy #water #counciltax #groceries #fuel â€¦ that we canâ€™t pay.
Have you EVER, EVER received a bill that you didnâ€™t have the means to pay? Have you?
No! Thought not!
#r4today",Baffled Ape,Thu Jul 27 07:23:41 +0000 2023
"NO Rishi Sunak, Iâ€™ll tell you what most of us are up against;

Essential bills like #mortgage #rent #energy #water #counciltax #groceries #fuel â€¦ that we canâ€™t pay. 

Have you EVER, EVER received a bill that you didnâ€™t have the means to pay? Have you? 

No! Thought not!",Baffled Ape,Wed Jul 26 10:42:54 +0000 2023
"Rent - Â£990(Salford Quay)
Council Tax 
Energy - inclusive 
Water - inclusive
TV license - inclusive
Transportation - Â£50
Wifi/mobile date - Â£12
Groceries -Â£100
Clothing - Â£50(klarna spread)
Entertainment - Â£100",Peraisakop DaddyCoco,Thu Jul 20 10:41:38 +0000 2023
"Luton (Student )

Rent Â£550 (Bill inclusive )
Council Tax NA
Energy NA
Water NA
TV license NA
Transportation : Â£80 (to Work only)
Wifi/mobile data: Â£10
Groceries : Â£50
Clothing : Â£ 100 every 3 months 
Entertainment: prime Â£5",Educated SallafğŸŒ›,Tue Jul 18 11:22:45 +0000 2023
"Walsall

Rent. 575
Council Tax   140
Energy  100 to 240 depending on season
Water 12
TV license      I no dey watch tv
Transportation 100 to 200
Wifi/mobile date 40
Groceries       200
Clothing          lol
Entertainment lol
PS: flat with family",MAYOR OF THE SOUTH WEST,Mon Jul 17 21:19:43 +0000 2023
"Rent - 495
Council Tax - 0 
Energy - 0
Water - 0
TV license - 0 
Transportation - 61
Wifi/mobile date - 10
Groceries - 60
Clothing - 100
Entertainment - 50",Blackhole,Mon Jul 17 21:13:53 +0000 2023
"London 

Rent Â£800
Council Tax inc
Energy Â£35 
Water inc
TV license NA
Transportation Â£150
Wifi/mobile date Wi-Fi inc/ mobile data Â£60
Groceries Â£200
Clothing  Â£100
Entertainment Â£500",Magnificient Daddy PhD,Mon Jul 17 20:12:55 +0000 2023
"Rent : 650
Council Tax : 110
Energy : 120
Water : 50
TV license : NA
Transportation : 500
Wifi/mobile date : 42
Groceries : 200
Clothing : 200
Entertainment: 250",ğ™°ğšğšğšğš˜ğš•ğšŠ,Mon Jul 17 20:02:23 +0000 2023
